ApprovalDetails,Parameter
ApprovalParams,Parameter
Assembly,Parameter
BendingParams,Parameter
BinderySignature,Parameter
BlockPreparationParams,Parameter
BoxFoldingParams,Parameter
BoxPackingParams,Parameter
Bundle,Quantity
BundlingParams,Parameter
CaseMakingParams,Parameter
CasingInParams,Parameter
Color,Parameter
ColorantControl,Parameter
ColorCorrectionParams,Parameter
ColorSpaceConversionParams,Parameter
Component,Quantity
Contact,Parameter
ConventionalPrintingParams,Parameter
CoverApplicationParams,Parameter
CustomerInfo,Parameter
CuttingParams,Parameter
DeliveryParams,Parameter
DevelopingParams,Parameter
Device,Implementation
DieLayout,Parameter
DieLayoutProductionParams,Parameter
DigitalPrintingParams,Parameter
EmbossingParams,Parameter
EndSheetGluingParams,Parameter
ExposedMedia,Handling
FeedingParams,Parameter
FoldingParams,Parameter
FontPolicy,Parameter
GluingParams,Parameter
HeadBandApplicationParams,Parameter
HoleMakingParams,Parameter
ImageCompressionParams,Parameter
ImageEnhancementParams,Parameter
ImageSetterParams,Parameter
Ink,Consumable
InkZoneCalculationParams,Parameter
InkZoneProfile,Parameter
InsertingParams,Parameter
InterpretingParams,Parameter
JacketingParams,Parameter
LabelingParams,Parameter
LaminatingParams,Parameter
Layout,Parameter
LayoutElementProductionParams,Parameter
LayoutShift,Parameter
LooseBindingParams,Parameter
ManualLaborParams,Parameter
Media,Consumable
MiscConsumable,Consumable
NodeInfo,Parameter
Pallet,Consumable
PalletizingParams,Parameter
PDLCreationParams,Parameter
PerforatingParams,Parameter
PreflightParams,Parameter
PreflightReport,Parameter
Preview,Parameter
PreviewGenerationParams,Parameter
QualityControlParams,Parameter
QualityControlResult,Parameter
RasterReadingParams,Parameter
RenderingParams,Parameter
RunList,Parameter
ScreeningParams,Parameter
ShapeCuttingParams,Parameter
ShapeDef,Parameter
ShapeDefProductionParams,Parameter
SheetOptimizingParams,Parameter
ShrinkingParams,Parameter
SpinePreparationParams,Parameter
SpineTapingParams,Parameter
StackingParams,Parameter
StitchingParams,Parameter
StrappingParams,Parameter
ThreadSealingParams,Parameter
ThreadSewingParams,Parameter
Tool,Handling
TransferCurve,Parameter
TrappingParams,Parameter
TrimmingParams,Parameter
UsageCounter,Consumable
VarnishingParams,Parameter
VerificationParams,Parameter
VerificationResult,Parameter
WebInlineFinishingParams,Parameter
WindingParams,Parameter
WrappingParams,Parameter